Workbook

Sheet 00_封面
A1: D&D 2024 玩家画像式建卡指南
A3: 这份表不是“强度榜”，而是一个给玩家和DM桌边使用的建卡决策工具：先看剧本难度、玩家经验、性格和游戏目标，再反推 Species + Class + Subclass + Background + Origin Feat。专有名词保留英文原名，中文只写判断逻辑和人话备注。
A7: 工作簿结构 | B7: 工作簿结构 | C7: 工作簿结构 | D7: 工作簿结构 | E7: 工作簿结构 | F7: 工作簿结构 | G7: 工作簿结构 | H7: 工作簿结构
A8: Sheet | B8: 用途 | C8: 怎么用
A9: 01_玩家问卷 | B9: 玩家/DM输入画像 | C9: 优先填写B列下拉框；初次使用保持默认也能出推荐。
A10: 02_自动推荐 | B10: 根据问卷自动筛选组合 | C10: 看Top 10方案、得分、风险和兼容性提示。
A11: 03_组合库 | B11: 人工整理的推荐样本库 | C11: 可增删行；匹配得分公式会根据问卷刷新。
A12: 04-08 数据库 | B12: 2024核心选项 | C12: 职业、子职、背景、物种、起源专长的标签库。
A13: 09_规则来源兼容 | B13: 旧书 vs 2024兼容标准 | C13: DM审核旧书扩展时先看这里。
A14: 10_Faerun_扩展 | B14: 费伦书示例 | C14: 明确区分SCAG 2015和Heroes of Faerûn 2025。
A15: 12_Sources | B15: 来源与校验 | C15: 所有外部来源以纯文本URL保留在表里。
A18: 规则边界提醒
A19: 2024 PHB优先。旧书扩展不是不能用，但必须单独标记Legacy并得到DM同意。尤其是费伦相关：Sword Coast Adventurer's Guide（2015）属于旧书扩展；Forgotten Realms: Heroes of Faerûn（2025）属于2024体系下的新扩展。两者不能混为一谈。
A25: 版本：2026-05-12 / 制作者备注：为玩家画像建卡助手而做，。

Sheet 01_玩家问卷
A1: 玩家画像输入区（改B列，推荐会自动刷新）
A3: 字段 | B3: 你的选择 | C3: 说明/桌边问题
A4: 剧本难度 | B4: D3 | C4: D0轻松RP，D1标准，D2挑战，D3高危，D4优化老手局。
A5: 玩家经验 | B5: N2 | C5: N0纯新手，N1入门，N2熟练，N3优化老手。
A6: 操作复杂度偏好 | B6: Low | C6: Low适合少资源管理；High适合愿意读法术/机制的人。
A7: 主要性格 | B7: 混沌型 | C7: 冲锋、保护、策略、社交、探索、叙事、优化、混沌、支援。
A8: 游戏目标 | B8: 全能 | C8: 最想在桌上获得的主要成就感。
A9: 队伍最缺 | B9: Exploration/Scout | C9: 让工具不要只迎合个人，也考虑队伍。
A10: 规则来源 | B10: 2024 Core Only | C10: Core Only最干净；2024 Expansions可开费伦新书；Legacy需DM审核。
A11: 允许Forgotten Realms: Heroes of Faerûn | B11: Yes | C11: Yes会允许2024费伦新扩展进入推荐。No则降权。
A12: 不喜欢的机制 | B12: None | C12: 比如不想管法术、不想近战、不想玩脆皮、不想复杂资源。
A13: 想要风格 | B13: 龙血 | C13: 非硬性筛选，给DM和玩家用于叙事调味。
A14: 已有队友 | C14: 手填，例如：Barbarian, Cleric, Wizard。
A15: 角色一句话 | C15: 手填，例如：从北地流浪到城市的半身人侦查手。
A17: 难度/经验速查
A18: 难度 | B18: 含义 | C18: 建卡重点 | D18: 经验 | E18: 适合复杂度 | F18: 建议
A19: D0 | B19: 休闲剧情 / RP优先 | C19: 幻想贴合、叙事一致性 | D19: N0 | E19: Low | F19: Fighter Champion, Barbarian Berserker, Rogue Thief
A20: D1 | B20: 标准冒险 | C20: 稳定循环、避免明显短板 | D20: N1 | E20: Low-Medium | F20: Paladin, Ranger Hunter, Warlock, Monk
A21: D2 | B21: 挑战冒险 | C21: 输出/控制/治疗/侦查至少补一项 | D21: N2 | E21: Medium | F21: Cleric, Bard, Druid, Sorcerer
A22: D3 | B22: 高危硬核 | C22: 生存、先手、控制、救场 | D22: N3 | E22: Medium-High | F22: Wizard, full casters, tactical Fighter/Bard/Cleric
A23: D4 | B23: 优化/老手局 | C23: 行动经济、资源循环、队伍协同

Sheet 02_自动推荐
A1: 自动推荐器：根据 01_玩家问卷 的B列即时计算
A3: 当前输入
A4: 剧本难度 | B4: ='01_玩家问卷'!B4 -> D3 | C4: 玩家经验 | D4: ='01_玩家问卷'!B5 -> N2 | E4: 性格 | F4: ='01_玩家问卷'!B7 -> 混沌型 | G4: 目标 | H4: ='01_玩家问卷'!B8 -> 全能 | I4: 规则来源 | J4: ='01_玩家问卷'!B10 -> 2024 Core Only
A5: 队伍缺口 | B5: ='01_玩家问卷'!B9 -> Exploration/Scout | C5: 复杂度 | D5: ='01_玩家问卷'!B6 -> Low | E5: 费伦新书 | F5: ='01_玩家问卷'!B11 -> Yes | G5: 不喜欢 | H5: ='01_玩家问卷'!B12 -> None | I5: 风格 | J5: ='01_玩家问卷'!B13 -> 龙血
A7: Rank | B7: Score | C7: 推荐名称 | D7: Source Mode | E7: Species | F7: Class | G7: Subclass | H7: Background | I7: Origin Feat | J7: 核心玩法循环 | K7: 风险/备注
A8: =1 -> 1 | B8: =LARGE('03_组合库'!$V$2:$V$37,1) -> 70.009 | C8: =INDEX('03_组合库'!$C$2:$C$37,MATCH(LARGE('03_组合库'!$V$2:$V$37,1),'03_组合库'!$V$2:$V$37,0)) -> 高危潜入：Human Assassin | D8: =INDEX('03_组合库'!$J$2:$J$37,MATCH(LARGE('03_组合库'!$V$2:$V$37,1),'03_组合库'!$V$2:$V$37,0)) -> 2024 PHB | E8: =INDEX('03_组合库'!$K$2:$K$37,MATCH(LARGE('03_组合库'!$V$2:$V$37,1),'03_组合库'!$V$2:$V$37,0)) -> Human | F8: =INDEX('03_组合库'!$L$2:$L$37,MATCH(LARGE('03_组合库'!$V$2:$V$37,1),'03_组合库'!$V$2:$V$37,0)) -> Rogue | G8: =INDEX('03_组合库'!$M$2:$M$37,MATCH(LARGE('03_组合库'!$V$2:$V$37,1),'03_组合库'!$V$2:$V$37,0)) -> Assassin | H8: =INDEX('03_组合库'!$N$2:$N$37,MATCH(LARGE('03_组合库'!$V$2:$V$37,1),'03_组合库'!$V$2:$V$37,0)) -> Criminal | I8: =INDEX('03_组合库'!$O$2:$O$37,MATCH(LARGE('03_组合库'!$V$2:$V$37,1),'03_组合库'!$V$2:$V$37,0)) -> Alert | J8: =INDEX('03_组合库'!$Q$2:$Q$37,MATCH(LARGE('03_组合库'!$V$2:$V$37,1),'03_组合库'!$V$2:$V$37,0)) -> 争取先手和优势，潜入、伪装、爆发偷袭。Human可额外拿Skilled或Lucky。 | K8: =INDEX('03_组合库'!$S$2:$S$37,MATCH(LARGE('03_组合库'!$V$2:$V$37,1),'03_组合库'!$V$2:$V$37,0))&" / "&INDEX('03_组合库'!$T$2:$T$37,MATCH(LARGE('03_组合库'!$V$2:$V$37,1),'03_组合库'!$V$2:$V$37,0)) -> 纯正面团战会打折。 / 纯2024核心规则。
A9: =2 -> 2 | B9: =LARGE('03_组合库'!$V$2:$V$37,2) -> 55.025 | C9: =INDEX('03_组合库'!$C$2:$C$37,MATCH(LARGE('03_组合库'!$V$2:$V$37,2),'03_组合库'!$V$2:$V$37,0)) -> 心灵特工：Elf Soulknife | D9: =INDEX('03_组合库'!$J$2:$J$37,MATCH(LARGE('03_组合库'!$V$2:$V$37,2),'03_组合库'!$V$2:$V$37,0)) -> 2024 PHB | E9: =INDEX('03_组合库'!$K$2:$K$37,MATCH(LARGE('03_组合库'!$V$2:$V$37,2),'03_组合库'!$V$2:$V$37,0)) -> Elf | F9: =INDEX('03_组合库'!$L$2:$L$37,MATCH(LARGE('03_组合库'!$V$2:$V$37,2),'03_组合库'!$V$2:$V$37,0)) -> Rogue | G9: =INDEX('03_组合库'!$M$2:$M$37,MATCH(LARGE('03_组合库'!$V$2:$V$37,2),'03_组合库'!$V$2:$V$37,0)) -> Soulknife | H9: =INDEX('03_组合库'!$N$2:$N$37,MATCH(LARGE('03_组合库'!$V$2:$V$37,2),'03_组合库'!$V$2:$V$37,0)) -> Criminal | I9: =INDEX('03_组合库'!$O$2:$O$37,MATCH(LARGE('03_组合库'!$V$2:$V$37,2),'03_组合库'!$V$2:$V$37,0)) -> Alert | J9: =INDEX('03_组合库'!$Q$2:$Q$37,MATCH(LARGE('03_组合库'!$V$2:$V$37,2),'03_组合库'!$V$2:$V$37,0)) -> 用技能稳定性和灵能刀刃完成潜入、侦查和关键击杀。 | K9: =INDEX('03_组合库'!$S$2:$S$37,MATCH(LARGE('03_组合库'!$V$2:$V$37,2),'03_组合库'!$V$2:$V$37,0))&" / "&INDEX('03_组合库'!$T$2:$T$37,MATCH(LARGE('03_组合库'!$V$2:$V$37,2),'03_组合库'!$V$2:$V$37,0)) -> 正面AOE弱。 / 纯2024核心规则。
A10: =3 -> 3 | B10: =LARGE('03_组合库'!$V$2:$V$37,3) -> 55.02 | C10: =INDEX('03_组合库'!$C$2:$C$37,MATCH(LARGE('03_组合库'!$V$2:$V$37,3),'03_组合库'!$V$2:$V$37,0)) -> 龙血术士：Dragonborn Draconic Sorcery | D10: =INDEX('03_组合库'!$J$2:$J$37,MATCH(LARGE('03_组合库'!$V$2:$V$37,3),'03_组合库'!$V$2:$V$37,0)) -> 2024 PHB | E10: =INDEX('03_组合库'!$K$2:$K$37,MATCH(LARGE('03_组合库'!$V$2:$V$37,3),'03_组合库'!$V$2:$V$37,0)) -> Dragonborn | F10: =INDEX('03_组合库'!$L$2:$L$37,MATCH(LARGE('03_组合库'!$V$2:$V$37,3),'03_组合库'!$V$2:$V$37,0)) -> Sorcerer | G10: =INDEX('03_组合库'!$M$2:$M$37,MATCH(LARGE('03_组合库'!$V$2:$V$37,3),'03_组合库'!$V$2:$V$37,0)) -> Draconic Sorcery | H10: =INDEX('03_组合库'!$N$2:$N$37,MATCH(LARGE('03_组合库'!$V$2:$V$37,3),'03_组合库'!$V$2:$V$37,0)) -> Noble | I10: =INDEX('03_组合库'!$O$2:$O$37,MATCH(LARGE('03_组合库'!$V$2:$V$37,3),'03_组合库'!$V$2:$V$37,0)) -> Skilled | J10: =INDEX('03_组合库'!$Q$2:$Q$37,MATCH(LARGE('03_组合库'!$V$2:$V$37,3),'03_组合库'!$V$2:$V$37,0)) -> 用少量核心法术和Metamagic制造爆发，社交场合也有地位。 | K10: =INDEX('03_组合库'!$S$2:$S$37,MATCH(LARGE('03_组合库'!$V$2:$V$37,3),'03_组合库'!$V$2:$V$37,0))&" / "&INDEX('03_组合库'!$T$2:$T$37,MATCH(LARGE('03_组合库'!$V$2:$V$37,3),'03_组合库'!$V$2:$V$37,0)) -> 法术选错会影响体验。 / 纯2024核心规则。
A11: =4 -> 4 | B11: =LARGE('03_组合库'!$V$2:$V$37,4) -> 55.019 | C11: =INDEX('03_组合库'!$C$2:$C$37,MATCH(LARGE('03_组合库'!$V$2:$V$37,4),'03_组合库'!$V$2:$V$37,0)) -> 慈悲行者：Human Mercy Monk | D11: =INDEX('03_组合库'!$J$2:$J$37,MATCH(LARGE('03_组合库'!$V$2:$V$37,4),'03_组合库'!$V$2:$V$37,0)) -> 2024 PHB | E11: =INDEX('03_组合库'!$K$2:$K$37,MATCH(LARGE('03_组合库'!$V$2:$V$37,4),'03_组合库'!$V$2:$V$37,0)) -> Human | F11: =INDEX('03_组合库'!$L$2:$L$37,MATCH(LARGE('03_组合库'!$V$2:$V$37,4),'03_组合库'!$V$2:$V$37,0)) -> Monk | G11: =INDEX('03_组合库'!$M$2:$M$37,MATCH(LARGE('03_组合库'!$V$2:$V$37,4),'03_组合库'!$V$2:$V$37,0)) -> Warrior of Mercy | H11: =INDEX('03_组合库'!$N$2:$N$37,MATCH(LARGE('03_组合库'!$V$2:$V$37,4),'03_组合库'!$V$2:$V$37,0)) -> Hermit | I11: =INDEX('03_组合库'!$O$2:$O$37,MATCH(LARGE('03_组合库'!$V$2:$V$37,4),'03_组合库'!$V$2:$V$37,0)) -> Healer | J11: =INDEX('03_组合库'!$Q$2:$Q$37,MATCH(LARGE('03_组合库'!$V$2:$V$37,4),'03_组合库'!$V$2:$V$37,0)) -> 机动近战，必要时用治疗/解除异常救队友。Human可额外拿Tough。 | K11: =INDEX('03_组合库'!$S$2:$S$37,MATCH(LARGE('03_组合库'!$V$2:$V$37,4),'03_组合库'!$V$2:$V$37,0))&" / "&INDEX('03_组合库'!$T$2:$T$37,MATCH(LARGE('03_组合库'!$V$2:$V$37,4),'03_组合库'!$V$2:$V$37,0)) -> 资源管理比普通武僧复杂。 / 纯2024核心规则。
A12: =5 -> 5 | B12: =LARGE('03_组合库'!$V$2:$V$37,5) -> 55.018 | C12: =INDEX('03_组合库'!$C$2:$C$37,MATCH(LARGE('03_组合库'!$V$2:$V$37,5),'03_组合库'!$V$2:$V$37,0)) -> 暗影拳师：Orc Shadow Monk | D12: =INDEX('03_组合库'!$J$2:$J$37,MATCH(LARGE('03_组合库'!$V$2:$V$37,5),'03_组合库'!$V$2:$V$37,0)) -> 2024 PHB | E12: =INDEX('03_组合库'!$K$2:$K$37,MATCH(LARGE('03_组合库'!$V$2:$V$37,5),'03_组合库'!$V$2:$V$37,0)) -> Orc | F12: =INDEX('03_组合库'!$L$2:$L$37,MATCH(LARGE('03_组合库'!$V$2:$V$37,5),'03_组合库'!$V$2:$V$37,0)) -> Monk | G12: =INDEX('03_组合库'!$M$2:$M$37,MATCH(LARGE('03_组合库'!$V$2:$V$37,5),'03_组合库'!$V$2:$V$37,0)) -> Warrior of Shadow | H12: =INDEX('03_组合库'!$N$2:$N$37,MATCH(LARGE('03_组合库'!$V$2:$V$37,5),'03_组合库'!$V$2:$V$37,0)) -> Criminal | I12: =INDEX('03_组合库'!$O$2:$O$37,MATCH(LARGE('03_组合库'!$V$2:$V$37,5),'03_组合库'!$V$2:$V$37,0)) -> Alert | J12: =INDEX('03_组合库'!$Q$2:$Q$37,MATCH(LARGE('03_组合库'!$V$2:$V$37,5),'03_组合库'!$V$2:$V$37,0)) -> 高机动潜入，抢先手，暗影手段接近/撤离。 | K12: =INDEX('03_组合库'!$S$2:$S$37,MATCH(LARGE('03_组合库'!$V$2:$V$37,5),'03_组合库'!$V$2:$V$37,0))&" / "&INDEX('03_组合库'!$T$2:$T$37,MATCH(LARGE('03_组合库'!$V$2:$V$37,5),'03_组合库'!$V$2:$V$37,0)) -> 别把自己当重甲前排。 / 纯2024核心规则。
A13: =6 -> 6 | B13: =LARGE('03_组合库'!$V$2:$V$37,6) -> 55.017 | C13: =INDEX('03_组合库'!$C$2:$C$37,MATCH(LARGE('03_组合库'!$V$2:$V$37,6),'03_组合库'!$V$2:$V$37,0)) -> 变形前排：Elf Moon Druid | D13: =INDEX('03_组合库'!$J$2:$J$37,MATCH(LARGE('03_组合库'!$V$2:$V$37,6),'03_组合库'!$V$2:$V$37,0)) -> 2024 PHB | E13: =INDEX('03_组合库'!$K$2:$K$37,MATCH(LARGE('03_组合库'!$V$2:$V$37,6),'03_组合库'!$V$2:$V$37,0)) -> Elf | F13: =INDEX('03_组合库'!$L$2:$L$37,MATCH(LARGE('03_组合库'!$V$2:$V$37,6),'03_组合库'!$V$2:$V$37,0)) -> Druid | G13: =INDEX('03_组合库'!$M$2:$M$37,MATCH(LARGE('03_组合库'!$V$2:$V$37,6),'03_组合库'!$V$2:$V$37,0)) -> Circle of the Moon | H13: =INDEX('03_组合库'!$N$2:$N$37,MATCH(LARGE('03_组合库'!$V$2:$V$37,6),'03_组合库'!$V$2:$V$37,0)) -> Farmer | I13: =INDEX('03_组合库'!$O$2:$O$37,MATCH(LARGE('03_组合库'!$V$2:$V$37,6),'03_组合库'!$V$2:$V$37,0)) -> Tough | J13: =INDEX('03_组合库'!$Q$2:$Q$37,MATCH(LARGE('03_组合库'!$V$2:$V$37,6),'03_组合库'!$V$2:$V$37,0)) -> 用Wild Shape承伤和探索，回到本体后施法支援。 | K13: =INDEX('03_组合库'!$S$2:$S$37,MATCH(LARGE('03_组合库'!$V$2:$V$37,6),'03_组合库'!$V$2:$V$37,0))&" / "&INDEX('03_组合库'!$T$2:$T$37,MATCH(LARGE('03_组合库'!$V$2:$V$37,6),'03_组合库'!$V$2:$V$37,0)) -> 需要知道变形能做什么/不能做什么。 / 纯2024核心规则。
A14: =7 -> 7 | B14: =LARGE('03_组合库'!$V$2:$V$37,7) -> 55.007 | C14: =INDEX('03_组合库'!$C$2:$C$37,MATCH(LARGE('03_组合库'!$V$2:$V$37,7),'03_组合库'!$V$2:$V$37,0)) -> 地下城猎手：Elf Gloom Stalker | D14: =INDEX('03_组合库'!$J$2:$J$37,MATCH(LARGE('03_组合库'!$V$2:$V$37,7),'03_组合库'!$V$2:$V$37,0)) -> 2024 PHB | E14: =INDEX('03_组合库'!$K$2:$K$37,MATCH(LARGE('03_组合库'!$V$2:$V$37,7),'03_组合库'!$V$2:$V$37,0)) -> Elf | F14: =INDEX('03_组合库'!$L$2:$L$37,MATCH(LARGE('03_组合库'!$V$2:$V$37,7),'03_组合库'!$V$2:$V$37,0)) -> Ranger | G14: =INDEX('03_组合库'!$M$2:$M$37,MATCH(LARGE('03_组合库'!$V$2:$V$37,7),'03_组合库'!$V$2:$V$37,0)) -> Gloom Stalker | H14: =INDEX('03_组合库'!$N$2:$N$37,MATCH(LARGE('03_组合库'!$V$2:$V$37,7),'03_组合库'!$V$2:$V$37,0)) -> Guide | I14: =INDEX('03_组合库'!$O$2:$O$37,MATCH(LARGE('03_组合库'!$V$2:$V$37,7),'03_组合库'!$V$2:$V$37,0)) -> Magic Initiate (Druid) | J14: =INDEX('03_组合库'!$Q$2:$Q$37,MATCH(LARGE('03_组合库'!$V$2:$V$37,7),'03_组合库'!$V$2:$V$37,0)) -> 侦查先行，开局抢节奏，Hunter's Mark与远程输出持续施压。 | K14: =INDEX('03_组合库'!$S$2:$S$37,MATCH(LARGE('03_组合库'!$V$2:$V$37,7),'03_组合库'!$V$2:$V$37,0))&" / "&INDEX('03_组合库'!$T$2:$T$37,MATCH(LARGE('03_组合库'!$V$2:$V$37,7),'03_组合库'!$V$2:$V$37,0)) -> 队伍若没人前排，别冲太远。 / 纯2024核心规则。
A15: =8 -> 8 | B15: =LARGE('03_组合库'!$V$2:$V$37,8) -> 50.024 | C15: =INDEX('03_组合库'!$C$2:$C$37,MATCH(LARGE('03_组合库'!$V$2:$V$37,8),'03_组合库'!$V$2:$V$37,0)) -> 奥法骑士：Dragonborn Eldritch Knight | D15: =INDEX('03_组合库'!$J$2:$J$37,MATCH(LARGE('03_组合库'!$V$2:$V$37,8),'03_组合库'!$V$2:$V$37,0)) -> 2024 PHB | E15: =INDEX('03_组合库'!$K$2:$K$37,MATCH(LARGE('03_组合库'!$V$2:$V$37,8),'03_组合库'!$V$2:$V$37,0)) -> Dragonborn | F15: =INDEX('03_组合库'!$L$2:$L$37,MATCH(LARGE('03_组合库'!$V$2:$V$37,8),'03_组合库'!$V$2:$V$37,0)) -> Fighter | G15: =INDEX('03_组合库'!$M$2:$M$37,MATCH(LARGE('03_组合库'!$V$2:$V$37,8),'03_组合库'!$V$2:$V$37,0)) -> Eldritch Knight | H15: =INDEX('03_组合库'!$N$2:$N$37,MATCH(LARGE('03_组合库'!$V$2:$V$37,8),'03_组合库'!$V$2:$V$37,0)) -> Artisan | I15: =INDEX('03_组合库'!$O$2:$O$37,MATCH(LARGE('03_组合库'!$V$2:$V$37,8),'03_组合库'!$V$2:$V$37,0)) -> Crafter | J15: =INDEX('03_组合库'!$Q$2:$Q$37,MATCH(LARGE('03_组合库'!$V$2:$V$37,8),'03_组合库'!$V$2:$V$37,0)) -> 武器输出为主，法术补防御/功能；工具和工匠背景增加真实感。 | K15: =INDEX('03_组合库'!$S$2:$S$37,MATCH(LARGE('03_组合库'!$V$2:$V$37,8),'03_组合库'!$V$2:$V$37,0))&" / "&INDEX('03_组合库'!$T$2:$T$37,MATCH(LARGE('03_组合库'!$V$2:$V$37,8),'03_组合库'!$V$2:$V$37,0)) -> 如果只想平A，Champion更省心。 / 纯2024核心规则。
A16: =9 -> 9 | B16: =LARGE('03_组合库'!$V$2:$V$37,9) -> 50.021 | C16: =INDEX('03_组合库'!$C$2:$C$37,MATCH(LARGE('03_组合库'!$V$2:$V$37,9),'03_组合库'!$V$2:$V$37,0)) -> 混沌演员：Tiefling Wild Magic Sorcerer | D16: =INDEX('03_组合库'!$J$2:$J$37,MATCH(LARGE('03_组合库'!$V$2:$V$37,9),'03_组合库'!$V$2:$V$37,0)) -> 2024 PHB | E16: =INDEX('03_组合库'!$K$2:$K$37,MATCH(LARGE('03_组合库'!$V$2:$V$37,9),'03_组合库'!$V$2:$V$37,0)) -> Tiefling | F16: =INDEX('03_组合库'!$L$2:$L$37,MATCH(LARGE('03_组合库'!$V$2:$V$37,9),'03_组合库'!$V$2:$V$37,0)) -> Sorcerer | G16: =INDEX('03_组合库'!$M$2:$M$37,MATCH(LARGE('03_组合库'!$V$2:$V$37,9),'03_组合库'!$V$2:$V$37,0)) -> Wild Magic Sorcery | H16: =INDEX('03_组合库'!$N$2:$N$37,MATCH(LARGE('03_组合库'!$V$2:$V$37,9),'03_组合库'!$V$2:$V$37,0)) -> Charlatan | I16: =INDEX('03_组合库'!$O$2:$O$37,MATCH(LARGE('03_组合库'!$V$2:$V$37,9),'03_组合库'!$V$2:$V$37,0)) -> Skilled | J16: =INDEX('03_组合库'!$Q$2:$Q$37,MATCH(LARGE('03_组合库'!$V$2:$V$37,9),'03_组合库'!$V$2:$V$37,0)) -> 用法术和随机性制造戏剧效果，技能处理社交骗局。 | K16: =INDEX('03_组合库'!$S$2:$S$37,MATCH(LARGE('03_组合库'!$V$2:$V$37,9),'03_组合库'!$V$2:$V$37,0))&" / "&INDEX('03_组合库'!$T$2:$T$37,MATCH(LARGE('03_组合库'!$V$2:$V$37,9),'03_组合库'!$V$2:$V$37,0)) -> 不适合严肃硬核优化局。 / 纯2024核心规则。
A17: =10 -> 10 | B17: =LARGE('03_组合库'!$V$2:$V$37,10) -> 50.016 | C17: =INDEX('03_组合库'!$C$2:$C$37,MATCH(LARGE('03_组合库'!$V$2:$V$37,10),'03_组合库'!$V$2:$V$37,0)) -> 自然万金油：Human Circle of Stars Druid | D17: =INDEX('03_组合库'!$J$2:$J$37,MATCH(LARGE('03_组合库'!$V$2:$V$37,10),'03_组合库'!$V$2:$V$37,0)) -> 2024 PHB | E17: =INDEX('03_组合库'!$K$2:$K$37,MATCH(LARGE('03_组合库'!$V$2:$V$37,10),'03_组合库'!$V$2:$V$37,0)) -> Human | F17: =INDEX('03_组合库'!$L$2:$L$37,MATCH(LARGE('03_组合库'!$V$2:$V$37,10),'03_组合库'!$V$2:$V$37,0)) -> Druid | G17: =INDEX('03_组合库'!$M$2:$M$37,MATCH(LARGE('03_组合库'!$V$2:$V$37,10),'03_组合库'!$V$2:$V$37,0)) -> Circle of the Stars | H17: =INDEX('03_组合库'!$N$2:$N$37,MATCH(LARGE('03_组合库'!$V$2:$V$37,10),'03_组合库'!$V$2:$V$37,0)) -> Guide | I17: =INDEX('03_组合库'!$O$2:$O$37,MATCH(LARGE('03_组合库'!$V$2:$V$37,10),'03_组合库'!$V$2:$V$37,0)) -> Magic Initiate (Druid) | J17: =INDEX('03_组合库'!$Q$2:$Q$37,MATCH(LARGE('03_组合库'!$V$2:$V$37,10),'03_组合库'!$V$2:$V$37,0)) -> 探索时用生存和自然法术；战斗中星象形态+控场/治疗切换。 | K17: =INDEX('03_组合库'!$S$2:$S$37,MATCH(LARGE('03_组合库'!$V$2:$V$37,10),'03_组合库'!$V$2:$V$37,0))&" / "&INDEX('03_组合库'!$T$2:$T$37,MATCH(LARGE('03_组合库'!$V$2:$V$37,10),'03_组合库'!$V$2:$V$37,0)) -> 要管理准备法术。 / 纯2024核心规则。
A19: 如何读这个结果
A20: 分数不是真理，而是桌边筛选器：它根据难度、经验、性格、目标、队伍缺口、复杂度和规则来源进行加减分。低分不代表不能玩，高分也不代表必须玩；DM最后要看队伍构成、战役主题和玩家热情。

Sheet 03_组合库
A1: ID | B1: 规则层级 | C1: 推荐名称 | D1: 难度标签 | E1: 经验标签 | F1: 性格标签 | G1: 目标标签 | H1: 队伍槽位 | I1: 操作复杂度 | J1: Source Mode | K1: Species | L1: Class | M1: Subclass | N1: Background | O1: Origin Feat | P1: 推荐属性 | Q1: 核心玩法循环 | R1: 优点 | S1: 风险/踩坑 | T1: DM备注/兼容性 | U1: AvoidTags | V1: 匹配得分 | W1: 手写感备注
A2: 1 | B2: Core | C2: 第一张卡：稳健剑盾老兵 | D2: D1,D2 | E2: N0,N1 | F2: 冲锋型,保护型,叙事型 | G2: 生存,输出,简单上手 | H2: Frontline,Single-target Damage | I2: Low | J2: 2024 PHB | K2: Human | L2: Fighter | M2: Champion | N2: Soldier | O2: Savage Attacker | P2: STR > CON; or DEX > CON | Q2: 站前排，Weapon Mastery+Extra Attack稳定输出；Human额外Origin Feat可拿Tough或Alert。 | R2: 最容易上手，死亡率低，不卡队友节奏。 | S2: 老手可能觉得选择少。 | T2: 纯2024核心规则。 | U2: No Spell Management | V2: =IFERROR(IF(ISNUMBER(SEARCH('01_玩家问卷'!$B$4,D2)),20,0)+IF(ISNUMBER(SEARCH('01_玩家问卷'!$B$5,E2)),15,0)+IF(ISNUMBER(SEARCH('01_玩家问卷'!$B$7,F2)),15,0)+IF(ISNUMBER(SEARCH('01_玩家问卷'!$B$8,G2)),15,0)+IF(ISNUMBER(SEARCH('01_玩家问卷'!$B$9,H2)),15,0)+IF(I2='01_玩家问卷'!$B$6,10,IF(AND('01_玩家问卷'!$B$6="Low",I2="Medium"),5,IF(AND('01_玩家问卷'!$B$6="High",I2="Medium"),8,0)))+IF(AND('01_玩家问卷'!$B$10="2024 Core Only",J2<>"2024 PHB"),-40,IF(AND('01_玩家问卷'!$B$10="2024 + 2024 Expansions",ISNUMBER(SEARCH("Legacy",J2))),-50,0))+IF(AND('01_玩家问卷'!$B$11="No",ISNUMBER(SEARCH("Faerûn",J2))),-25,0)+IF(AND('01_玩家问卷'!$B$12<>"None",ISNUMBER(SEARCH('01_玩家问卷'!$B$12,U2))),-25,0)+ROW()/1000,0) -> 10.002
A3: 2 | B3: Core | C3: 战术指挥官：Battle Master前排 | D3: D2,D3,D4 | E3: N1,N2,N3 | F3: 保护型,策略型,优化型 | G3: 生存,控场,输出 | H3: Frontline,Control,Single-target Damage | I3: Medium | J3: 2024 PHB | K3: Human | L3: Fighter | M3: Battle Master | N3: Guard | O3: Alert | P3: STR/DEX > CON; WIS useful | Q3: 先手进场，用maneuvers打控制、保护和补伤害。Human可补Tough/Skilled。 | R3: 强度和可玩性都很稳，老手也不腻。 | S3: 需要记maneuvers，纯新手要有人带。 | T3: 纯2024核心规则。 | U3: No Spell Management | V3: =IFERROR(IF(ISNUMBER(SEARCH('01_玩家问卷'!$B$4,D3)),20,0)+IF(ISNUMBER(SEARCH('01_玩家问卷'!$B$5,E3)),15,0)+IF(ISNUMBER(SEARCH('01_玩家问卷'!$B$7,F3)),15,0)+IF(ISNUMBER(SEARCH('01_玩家问卷'!$B$8,G3)),15,0)+IF(ISNUMBER(SEARCH('01_玩家问卷'!$B$9,H3)),15,0)+IF(I3='01_玩家问卷'!$B$6,10,IF(AND('01_玩家问卷'!$B$6="Low",I3="Medium"),5,IF(AND('01_玩家问卷'!$B$6="High",I3="Medium"),8,0)))+IF(AND('01_玩家问卷'!$B$10="2024 Core Only",J3<>"2024 PHB"),-40,IF(AND('01_玩家问卷'!$B$10="2024 + 2024 Expansions",ISNUMBER(SEARCH("Legacy",J3))),-50,0))+IF(AND('01_玩家问卷'!$B$11="No",ISNUMBER(SEARCH("Faerûn",J3))),-25,0)+IF(AND('01_玩家问卷'!$B$12<>"None",ISNUMBER(SEARCH('01_玩家问卷'!$B$12,U3))),-25,0)+ROW()/1000,0) -> 40.003
A4: 3 | B4: Core | C4: 简单暴力：Goliath Berserker | D4: D1,D2,D3 | E4: N0,N1 | F4: 冲锋型,优化型 | G4: 输出,生存,简单上手 | H4: Frontline,Single-target Damage | I4: Low | J4: 2024 PHB | K4: Goliath | L4: Barbarian | M4: Path of the Berserker | N4: Farmer | O4: Tough | P4: STR > CON > DEX | Q4: Rage后冲锋，Reckless Attack换输出，用高HP和Tough顶住。 | R4: 手感直接，适合想爽砍的人。 | S4: 社交/远程/控场弱。 | T4: 纯2024核心规则。 | U4: No Spell Management | V4: =IFERROR(IF(ISNUMBER(SEARCH('01_玩家问卷'!$B$4,D4)),20,0)+IF(ISNUMBER(SEARCH('01_玩家问卷'!$B$5,E4)),15,0)+IF(ISNUMBER(SEARCH('01_玩家问卷'!$B$7,F4)),15,0)+IF(ISNUMBER(SEARCH('01_玩家问卷'!$B$8,G4)),15,0)+IF(ISNUMBER(SEARCH('01_玩家问卷'!$B$9,H4)),15,0)+IF(I4='01_玩家问卷'!$B$6,10,IF(AND('01_玩家问卷'!$B$6="Low",I4="Medium"),5,IF(AND('01_玩家问卷'!$B$6="High",I4="Medium"),8,0)))+IF(AND('01_玩家问卷'!$B$10="2024 Core Only",J4<>"2024 PHB"),-40,IF(AND('01_玩家问卷'!$B$10="2024 + 2024 Expansions",ISNUMBER(SEARCH("Legacy",J4))),-50,0))+IF(AND('01_玩家问卷'!$B$11="No",ISNUMBER(SEARCH("Faerûn",J4))),-25,0)+IF(AND('01_玩家问卷'!$B$12<>"None",ISNUMBER(SEARCH('01_玩家问卷'!$B$12,U4))),-25,0)+ROW()/1000,0) -> 30.004
A5: 4 | B5: Core | C5: 守护圣光：Aasimar Devotion Paladin | D5: D1,D2,D3 | E5: N1,N2 | F5: 保护型,叙事型,社交型 | G5: 生存,治疗/辅助,输出 | H5: Frontline,Healing,Social Face | I5: Medium | J5: 2024 PHB | K5: Aasimar | L5: Paladin | M5: Oath of Devotion | N5: Acolyte | O5: Magic Initiate (Cleric) | P5: STR > CHA > CON | Q5: 前排站位，Lay on Hands救场，Aura保护队伍，关键回合爆发。 | R5: 幻想非常完整：圣血+誓言+神殿出身。 | S5: 属性需求紧；不适合完全不想管法术的人。 | T5: 纯2024核心规则。 | U5: No Spell Management | V5: =IFERROR(IF(ISNUMBER(SEARCH('01_玩家问卷'!$B$4,D5)),20,0)+IF(ISNUMBER(SEARCH('01_玩家问卷'!$B$5,E5)),15,0)+IF(ISNUMBER(SEARCH('01_玩家问卷'!$B$7,F5)),15,0)+IF(ISNUMBER(SEARCH('01_玩家问卷'!$B$8,G5)),15,0)+IF(ISNUMBER(SEARCH('01_玩家问卷'!$B$9,H5)),15,0)+IF(I5='01_玩家问卷'!$B$6,10,IF(AND('01_玩家问卷'!$B$6="Low",I5="Medium"),5,IF(AND('01_玩家问卷'!$B$6="High",I5="Medium"),8,0)))+IF(AND('01_玩家问卷'!$B$10="2024 Core Only",J5<>"2024 PHB"),-40,IF(AND('01_玩家问卷'!$B$10="2024 + 2024 Expansions",ISNUMBER(SEARCH("Legacy",J5))),-50,0))+IF(AND('01_玩家问卷'!$B$11="No",ISNUMBER(SEARCH("Faerûn",J5))),-25,0)+IF(AND('01_玩家问卷'!$B$12<>"None",ISNUMBER(SEARCH('01_玩家问卷'!$B$12,U5))),-25,0)+ROW()/1000,0) -> 40.005
A6: 5 | B6: Core | C6: 复仇执行者：Dragonborn Vengeance Paladin | D6: D2,D3,D4 | E6: N1,N2,N3 | F6: 冲锋型,优化型,叙事型 | G6: 输出,生存 | H6: Frontline,Single-target Damage,Social Face | I6: Medium | J6: 2024 PHB | K6: Dragonborn | L6: Paladin | M6: Oath of Vengeance | N6: Guard | O6: Alert | P6: STR > CHA > CON | Q6: 先手锁定关键敌人，贴身追击，爆发回合打穿单体。 | R6: 高压局很好理解：把最危险的敌人先处理。 | S6: 可能过于隧道视野，忽略队友保护。 | T6: 纯2024核心规则。 | U6: No Spell Management | V6: =IFERROR(IF(ISNUMBER(SEARCH('01_玩家问卷'!$B$4,D6)),20,0)+IF(ISNUMBER(SEARCH('01_玩家问卷'!$B$5,E6)),15,0)+IF(ISNUMBER(SEARCH('01_玩家问卷'!$B$7,F6)),15,0)+IF(ISNUMBER(SEARCH('01_玩家问卷'!$B$8,G6)),15,0)+IF(ISNUMBER(SEARCH('01_玩家问卷'!$B$9,H6)),15,0)+IF(I6='01_玩家问卷'!$B$6,10,IF(AND('01_玩家问卷'!$B$6="Low",I6="Medium"),5,IF(AND('01_玩家问卷'!$B$6="High",I6="Medium"),8,0)))+IF(AND('01_玩家问卷'!$B$10="2024 Core Only",J6<>"2024 PHB"),-40,IF(AND('01_玩家问卷'!$B$10="2024 + 2024 Expansions",ISNUMBER(SEARCH("Legacy",J6))),-50,0))+IF(AND('01_玩家问卷'!$B$11="No",ISNUMBER(SEARCH("Faerûn",J6))),-25,0)+IF(AND('01_玩家问卷'!$B$12<>"None",ISNUMBER(SEARCH('01_玩家问卷'!$B$12,U6))),-25,0)+ROW()/1000,0) -> 40.006
A7: 6 | B7: Core | C7: 地下城猎手：Elf Gloom Stalker | D7: D1,D2,D3 | E7: N1,N2,N3 | F7: 探索型,优化型,策略型 | G7: 输出,探索,生存 | H7: Exploration/Scout,Single-target Damage | I7: Medium | J7: 2024 PHB | K7: Elf | L7: Ranger | M7: Gloom Stalker | N7: Guide | O7: Magic Initiate (Druid) | P7: DEX > WIS > CON | Q7: 侦查先行，开局抢节奏，Hunter's Mark与远程输出持续施压。 | R7: 地城、夜战、潜行局体验很好。 | S7: 队伍若没人前排，别冲太远。 | T7: 纯2024核心规则。 | U7: Avoid Melee | V7: =IFERROR(IF(ISNUMBER(SEARCH('01_玩家问卷'!$B$4,D7)),20,0)+IF(ISNUMBER(SEARCH('01_玩家问卷'!$B$5,E7)),15,0)+IF(ISNUMBER(SEARCH('01_玩家问卷'!$B$7,F7)),15,0)+IF(ISNUMBER(SEARCH('01_玩家问卷'!$B$8,G7)),15,0)+IF(ISNUMBER(SEARCH('01_玩家问卷'!$B$9,H7)),15,0)+IF(I7='01_玩家问卷'!$B$6,10,IF(AND('01_玩家问卷'!$B$6="Low",I7="Medium"),5,IF(AND('01_玩家问卷'!$B$6="High",I7="Medium"),8,0)))+IF(AND('01_玩家问卷'!$B$10="2024 Core Only",J7<>"2024 PHB"),-40,IF(AND('01_玩家问卷'!$B$10="2024 + 2024 Expansions",ISNUMBER(SEARCH("Legacy",J7))),-50,0))+IF(AND('01_玩家问卷'!$B$11="No",ISNUMBER(SEARCH("Faerûn",J7))),-25,0)+IF(AND('01_玩家问卷'!$B$12<>"None",ISNUMBER(SEARCH('01_玩家问卷'!$B$12,U7))),-25,0)+ROW()/1000,0) -> 55.007
A8: 7 | B8: Core | C8: 经典盗贼：Halfling Thief | D8: D0,D1,D2 | E8: N0,N1,N2 | F8: 探索型,社交型,叙事型 | G8: 探索,社交,简单上手 | H8: Exploration/Scout,Utility | I8: Low | J8: 2024 PHB | K8: Halfling | L8: Rogue | M8: Thief | N8: Wayfarer | O8: Lucky | P8: DEX > WIS/CHA > CON | Q8: 潜行、开锁、找机会Sneak Attack；Lucky让关键检定更稳。 | R8: 非常适合新手体验D&D非战斗部分。 | S8: 正面硬拼弱。 | T8: 纯2024核心规则。 | U8: Avoid Melee | V8: =IFERROR(IF(ISNUMBER(SEARCH('01_玩家问卷'!$B$4,D8)),20,0)+IF(ISNUMBER(SEARCH('01_玩家问卷'!$B$5,E8)),15,0)+IF(ISNUMBER(SEARCH('01_玩家问卷'!$B$7,F8)),15,0)+IF(ISNUMBER(SEARCH('01_玩家问卷'!$B$8,G8)),15,0)+IF(ISNUMBER(SEARCH('01_玩家问卷'!$B$9,H8)),15,0)+IF(I8='01_玩家问卷'!$B$6,10,IF(AND('01_玩家问卷'!$B$6="Low",I8="Medium"),5,IF(AND('01_玩家问卷'!$B$6="High",I8="Medium"),8,0)))+IF(AND('01_玩家问卷'!$B$10="2024 Core Only",J8<>"2024 PHB"),-40,IF(AND('01_玩家问卷'!$B$10="2024 + 2024 Expansions",ISNUMBER(SEARCH("Legacy",J8))),-50,0))+IF(AND('01_玩家问卷'!$B$11="No",ISNUMBER(SEARCH("Faerûn",J8))),-25,0)+IF(AND('01_玩家问卷'!$B$12<>"None",ISNUMBER(SEARCH('01_玩家问卷'!$B$12,U8))),-25,0)+ROW()/1000,0) -> 40.008
A9: 8 | B9: Core | C9: 高危潜入：Human Assassin | D9: D1,D2,D3 | E9: N1,N2,N3 | F9: 探索型,优化型,混沌型 | G9: 输出,探索 | H9: Exploration/Scout,Single-target Damage | I9: Medium | J9: 2024 PHB | K9: Human | L9: Rogue | M9: Assassin | N9: Criminal | O9: Alert | P9: DEX > CON/INT | Q9: 争取先手和优势，潜入、伪装、爆发偷袭。Human可额外拿Skilled或Lucky。 | R9: 只要剧本给潜入空间就很有高光。 | S9: 纯正面团战会打折。 | T9: 纯2024核心规则。 | U9: Avoid Melee | V9: =IFERROR(IF(ISNUMBER(SEARCH('01_玩家问卷'!$B$4,D9)),20,0)+IF(ISNUMBER(SEARCH('01_玩家问卷'!$B$5,E9)),15,0)+IF(ISNUMBER(SEARCH('01_玩家问卷'!$B$7,F9)),15,0)+IF(ISNUMBER(SEARCH('01_玩家问卷'!$B$8,G9)),15,0)+IF(ISNUMBER(SEARCH('01_玩家问卷'!$B$9,H9)),15,0)+IF(I9='01_玩家问卷'!$B$6,10,IF(AND('01_玩家问卷'!$B$6="Low",I9="Medium"),5,IF(AND('01_玩家问卷'!$B$6="High",I9="Medium"),8,0)))+IF(AND('01_玩家问卷'!$B$10="2024 Core Only",J9<>"2024 PHB"),-40,IF(AND('01_玩家问卷'!$B$10="2024 + 2024 Expansions",ISNUMBER(SEARCH("Legacy",J9))),-50,0))+IF(AND('01_玩家问卷'!$B$11="No",ISNUMBER(SEARCH("Faerûn",J9))),-25,0)+IF(AND('01_玩家问卷'!$B$12<>"None",ISNUMBER(SEARCH('01_玩家问卷'!$B$12,U9))),-25,0)+ROW()/1000,0) -> 70.009
A10: 9 | B10: Core | C10: 社交核心：Tiefling Fiend Warlock | D10: D0,D1,D2 | E10: N1,N2 | F10: 社交型,混沌型,叙事型 | G10: 社交,输出,全能 | H10: Social Face,Single-target Damage,Utility | I10: Medium | J10: 2024 PHB | K10: Tiefling | L10: Warlock | M10: Fiend Patron | N10: Charlatan | O10: Skilled | P10: CHA > CON > DEX | Q10: Eldritch Blast稳定输出，契约与技能处理社交/探索。 | R10: 法术数量相对可控，故事钩子强。 | S10: 短休节奏不稳定时资源体验会变。 | T10: 纯2024核心规则。 | U10: None | V10: =IFERROR(IF(ISNUMBER(SEARCH('01_玩家问卷'!$B$4,D10)),20,0)+IF(ISNUMBER(SEARCH('01_玩家问卷'!$B$5,E10)),15,0)+IF(ISNUMBER(SEARCH('01_玩家问卷'!$B$7,F10)),15,0)+IF(ISNUMBER(SEARCH('01_玩家问卷'!$B$8,G10)),15,0)+IF(ISNUMBER(SEARCH('01_玩家问卷'!$B$9,H10)),15,0)+IF(I10='01_玩家问卷'!$B$6,10,IF(AND('01_玩家问卷'!$B$6="Low",I10="Medium"),5,IF(AND('01_玩家问卷'!$B$6="High",I10="Medium"),8,0)))+IF(AND('01_玩家问卷'!$B$10="2024 Core Only",J10<>"2024 PHB"),-40,IF(AND('01_玩家问卷'!$B$10="2024 + 2024 Expansions",ISNUMBER(SEARCH("Legacy",J10))),-50,0))+IF(AND('01_玩家问卷'!$B$11="No",ISNUMBER(SEARCH("Faerûn",J10))),-25,0)+IF(AND('01_玩家问卷'!$B$12<>"None",ISNUMBER(SEARCH('01_玩家问卷'!$B$12,U10))),-25,0)+ROW()/1000,0) -> 50.01
A11: 10 | B11: Core | C11: 队伍润滑剂：Human Lore Bard | D11: D0,D1,D2,D3 | E11: N1,N2,N3 | F11: 社交型,策略型,叙事型 | G11: 社交,控场,治疗/辅助 | H11: Social Face,Control,Healing,Utility | I11: Medium-High | J11: 2024 PHB | K11: Human | L11: Bard | M11: College of Lore | N11: Entertainer | O11: Musician | P11: CHA > DEX/CON | Q11: 用Bardic Inspiration、控制法术和技能覆盖队伍短板。Human可额外拿Lucky/Alert。 | R11: 社交、技能、支援都强。 | S11: 需要玩家会读局势，不是每回合都打伤害。 | T11: 纯2024核心规则。 | U11: Avoid Complex Resources | V11: =IFERROR(IF(ISNUMBER(SEARCH('01_玩家问卷'!$B$4,D11)),20,0)+IF(ISNUMBER(SEARCH('01_玩家问卷'!$B$5,E11)),15,0)+IF(ISNUMBER(SEARCH('01_玩家问卷'!$B$7,F11)),15,0)+IF(ISNUMBER(SEARCH('01_玩家问卷'!$B$8,G11)),15,0)+IF(ISNUMBER(SEARCH('01_玩家问卷'!$B$9,H11)),15,0)+IF(I11='01_玩家问卷'!$B$6,10,IF(AND('01_玩家问卷'!$B$6="Low",I11="Medium"),5,IF(AND('01_玩家问卷'!$B$6="High",I11="Medium"),8,0)))+IF(AND('01_玩家问卷'!$B$10="2024 Core Only",J11<>"2024 PHB"),-40,IF(AND('01_玩家问卷'!$B$10="2024 + 2024 Expansions",ISNUMBER(SEARCH("Legacy",J11))),-50,0))+IF(AND('01_玩家问卷'!$B$11="No",ISNUMBER(SEARCH("Faerûn",J11))),-25,0)+IF(AND('01_玩家问卷'!$B$12<>"None",ISNUMBER(SEARCH('01_玩家问卷'!$B$12,U11))),-25,0)+ROW()/1000,0) -> 35.011
A12: 11 | B12: Core | C12: 控场大脑：Elf Diviner Wizard | D12: D2,D3,D4 | E12: N2,N3 | F12: 策略型,优化型 | G12: 控场,全能 | H12: Control,AoE Damage,Utility | I12: High | J12: 2024 PHB | K12: Elf | L12: Wizard | M12: Diviner | N12: Sage | O12: Magic Initiate (Wizard) | P12: INT > CON > DEX | Q12: 准备控制/反制/仪式法术，用预知类能力改写关键检定。 | R12: 高压局上限极高。 | S12: 脆，需要站位和法术管理。 | T12: 纯2024核心规则。 | U12: Avoid Fragile Casters,No Spell Management | V12: =IFERROR(IF(ISNUMBER(SEARCH('01_玩家问卷'!$B$4,D12)),20,0)+IF(ISNUMBER(SEARCH('01_玩家问卷'!$B$5,E12)),15,0)+IF(ISNUMBER(SEARCH('01_玩家问卷'!$B$7,F12)),15,0)+IF(ISNUMBER(SEARCH('01_玩家问卷'!$B$8,G12)),15,0)+IF(ISNUMBER(SEARCH('01_玩家问卷'!$B$9,H12)),15,0)+IF(I12='01_玩家问卷'!$B$6,10,IF(AND('01_玩家问卷'!$B$6="Low",I12="Medium"),5,IF(AND('01_玩家问卷'!$B$6="High",I12="Medium"),8,0)))+IF(AND('01_玩家问卷'!$B$10="2024 Core Only",J12<>"2024 PHB"),-40,IF(AND('01_玩家问卷'!$B$10="2024 + 2024 Expansions",ISNUMBER(SEARCH("Legacy",J12))),-50,0))+IF(AND('01_玩家问卷'!$B$11="No",ISNUMBER(SEARCH("Faerûn",J12))),-25,0)+IF(AND('01_玩家问卷'!$B$12<>"None",ISNUMBER(SEARCH('01_玩家问卷'!$B$12,U12))),-25,0)+ROW()/1000,0) -> 50.012
A13: 12 | B13: Core | C13: 防护法师：Gnome Abjurer | D13: D2,D3,D4 | E13: N2,N3 | F13: 策略型,保护型,优化型 | G13: 生存,控场,全能 | H13: Control,Utility | I13: High | J13: 2024 PHB | K13: Gnome | L13: Wizard | M13: Abjurer | N13: Scribe | O13: Skilled | P13: INT > CON > DEX | Q13: 用防护、反制、控制保护队伍，技能覆盖调查与感知。 | R13: 比一般法师更能在高压局活下来。 | S13: 输出不如Evoker直观。 | T13: 纯2024核心规则。 | U13: Avoid Fragile Casters,No Spell Management | V13: =IFERROR(IF(ISNUMBER(SEARCH('01_玩家问卷'!$B$4,D13)),20,0)+IF(ISNUMBER(SEARCH('01_玩家问卷'!$B$5,E13)),15,0)+IF(ISNUMBER(SEARCH('01_玩家问卷'!$B$7,F13)),15,0)+IF(ISNUMBER(SEARCH('01_玩家问卷'!$B$8,G13)),15,0)+IF(ISNUMBER(SEARCH('01_玩家问卷'!$B$9,H13)),15,0)+IF(I13='01_玩家问卷'!$B$6,10,IF(AND('01_玩家问卷'!$B$6="Low",I13="Medium"),5,IF(AND('01_玩家问卷'!$B$6="High",I13="Medium"),8,0)))+IF(AND('01_玩家问卷'!$B$10="2024 Core Only",J13<>"2024 PHB"),-40,IF(AND('01_玩家问卷'!$B$10="2024 + 2024 Expansions",ISNUMBER(SEARCH("Legacy",J13))),-50,0))+IF(AND('01_玩家问卷'!$B$11="No",ISNUMBER(SEARCH("Faerûn",J13))),-25,0)+IF(AND('01_玩家问卷'!$B$12<>"None",ISNUMBER(SEARCH('01_玩家问卷'!$B$12,U13))),-25,0)+ROW()/1000,0) -> 50.013
... A37: 36 | B37: Legacy | C37: 旧费伦书警示：SCAG Purple Dragon Knight | D37: D0,D1 | E37: N2,N3 | F37: 叙事型,社交型,保护型 | G37: 社交,生存 | H37: Frontline,Social Face | I37: Medium | J37: Legacy 2015: Sword Coast Adventurer's Guide; use 2024 Banneret if allowed | K37: Human | L37: Fighter | M37: Purple Dragon Knight / Banneret (legacy name) | N37: Noble | O37: Skilled | P37: STR/CHA > CON | Q37: 如果想玩费伦旗手，优先用2024 Heroes of Faerûn的Banneret；SCAG旧版只作历史来源。 | R37: 保留老费伦风味。 | S37: 旧版机械可能不适配2024。 | T37: 典型旧书 vs 2024新费伦书的区别示例。 | U37: No Spell Management | V37: =IFERROR(IF(ISNUMBER(SEARCH('01_玩家问卷'!$B$4,D37)),20,0)+IF(ISNUMBER(SEARCH('01_玩家问卷'!$B$5,E37)),15,0)+IF(ISNUMBER(SEARCH('01_玩家问卷'!$B$7,F37)),15,0)+IF(ISNUMBER(SEARCH('01_玩家问卷'!$B$8,G37)),15,0)+IF(ISNUMBER(SEARCH('01_玩家问卷'!$B$9,H37)),15,0)+IF(I37='01_玩家问卷'!$B$6,10,IF(AND('01_玩家问卷'!$B$6="Low",I37="Medium"),5,IF(AND('01_玩家问卷'!$B$6="High",I37="Medium"),8,0)))+IF(AND('01_玩家问卷'!$B$10="2024 Core Only",J37<>"2024 PHB"),-40,IF(AND('01_玩家问卷'!$B$10="2024 + 2024 Expansions",ISNUMBER(SEARCH("Legacy",J37))),-50,0))+IF(AND('01_玩家问卷'!$B$11="No",ISNUMBER(SEARCH("Faerûn",J37))),-25,0)+IF(AND('01_玩家问卷'!$B$12<>"None",ISNUMBER(SEARCH('01_玩家问卷'!$B$12,U37))),-25,0)+ROW()/1000,0) -> -19.963

Sheet 04_Classes_2024
A1: Class | B1: Primary Ability | C1: Combat Role | D1: Out-of-Combat Role | E1: Complexity | F1: New Player Fit | G1: Hard Mode Fit | H1: Core Loop | I1: 2024 PHB Subclasses | J1: Notes
A2: Barbarian | B2: STR / CON | C2: Frontline, burst melee | D2: Survival, intimidation | E2: Low | F2: High | G2: Medium | H2: Rage, Reckless Attack, big hits, soak damage | I2: Path of the Berserker; Path of the Wild Heart; Path of the World Tree; Path of the Zealot | J2: 适合喜欢直接冲锋的人；控场和社交通常较弱。
A3: Bard | B3: CHA / DEX | C3: Support, control, flexible caster | D3: Face, skills, knowledge | E3: Medium-High | F3: Medium | G3: High | H3: Bardic Inspiration, spell control, skills, social leverage | I3: College of Dance; College of Glamour; College of Lore; College of Valor | J3: 强在团队价值和社交，不是只会唱歌。
A4: Cleric | B4: WIS / CON | C4: Support, healing, control, radiant damage | D4: Religion, insight, guidance | E4: Medium | F4: Medium | G4: High | H4: Bless/Healing/Channel Divinity, armor or cantrip path | I4: Life Domain; Light Domain; Trickery Domain; War Domain | J4: 高压局很稳；但要会判断什么时候不用治疗而是控场。
A5: Druid | B5: WIS / CON | C5: Control, terrain, healing, Wild Shape | D5: Nature, scouting, survival | E5: High | F5: Low-Medium | G5: High | H5: Prepare spells, shape/change role, use terrain | I5: Circle of the Land; Circle of the Moon; Circle of the Sea; Circle of the Stars | J5: 功能极多，新手容易被选项淹没。
A6: Fighter | B6: STR or DEX / CON | C6: Frontline or ranged weapon specialist | D6: Athletics, tactics | E6: Low-Medium | F6: Very High | G6: Medium-High | H6: Weapon Mastery, Action Surge, repeated attacks | I6: Battle Master; Champion; Eldritch Knight; Psi Warrior | J6: 最适合当第一张战斗角色；Battle Master上限明显更高。
A7: Monk | B7: DEX / WIS | C7: Mobile striker, skirmisher, control punches | D7: Stealth, mobility, discipline | E7: Medium | F7: Medium | G7: Medium | H7: Mobility, Martial Arts, Focus, defensive reactions | I7: Warrior of Mercy; Warrior of Shadow; Warrior of the Elements; Warrior of the Open Hand | J7: 适合喜欢机动和武侠感的人；站桩抗伤不是本职。
A8: Paladin | B8: STR / CHA / CON | C8: Frontline, burst, aura, emergency healing | D8: Face, oath-driven story | E8: Medium | F8: High | G8: Very High | H8: Weapon hits, smites, Lay on Hands, Aura of Protection | I8: Oath of Devotion; Oath of Glory; Oath of the Ancients; Oath of Vengeance | J8: 很适合新手想“又帅又有用”；属性需求稍紧。
A9: Ranger | B9: DEX or STR / WIS | C9: Ranged or melee striker, exploration | D9: Tracking, scouting, survival | E9: Medium | F9: High | G9: Medium | H9: Hunter's Mark, Weapon Mastery, spells, exploration | I9: Beast Master; Fey Wanderer; Gloom Stalker; Hunter | J9: 适合探索向玩家；不要只当成弓箭皮肤。
A10: Rogue | B10: DEX / INT or CHA | C10: Single-target damage, skill specialist | D10: Stealth, locks, investigation, face | E10: Low-Medium | F10: High | G10: Medium | H10: Cunning Action, Sneak Attack, skill expertise | I10: Arcane Trickster; Assassin; Soulknife; Thief | J10: 简单但不无脑；要会找优势和安全位置。
A11: Sorcerer | B11: CHA / CON | C11: Blaster, flexible spell shaping | D11: Face, arcane flavor | E11: Medium-High | F11: Medium | G11: High | H11: Innate Sorcery, Metamagic, focused spell list | I11: Aberrant Sorcery; Clockwork Sorcery; Draconic Sorcery; Wild Magic Sorcery | J11: 比Wizard选项少，但资源节奏更细。
A12: Warlock | B12: CHA / CON | C12: Reliable magic damage, pact utility | D12: Face, occult story | E12: Medium | F12: Medium-High | G12: Medium-High | H12: Eldritch Invocations, Pact Magic, short-rest rhythm | I12: Archfey Patron; Celestial Patron; Fiend Patron; Great Old One Patron | J12: 适合想玩法术但不想准备一整本法术表的人。
A13: Wizard | B13: INT / CON / DEX | C13: Control, ritual utility, battlefield problem solving | D13: Knowledge, investigation, magic solutions | E13: High | F13: Low | G13: Very High | H13: Spellbook, preparation, control, ritual tools | I13: Abjurer; Diviner; Evoker; Illusionist | J13: 上限最高之一，但需要玩家愿意读法术。

Sheet 05_Subclasses_2024
A1: Class | B1: Subclass | C1: Source Tier | D1: Player Fit | E1: Combat Identity | F1: Complexity | G1: Notes
A2: Barbarian | B2: Path of the Berserker | C2: 2024 PHB | D2: 新手冲锋/高伤害 | E2: 直接近战爆发 | F2: Low | G2: 如果玩家只想砍得爽，这是最稳的野蛮人入口。
A3: Barbarian | B3: Path of the Wild Heart | C3: 2024 PHB | D3: 主题玩家/探索向 | E3: 野性适应与机动 | F3: Medium | G3: 适合喜欢自然图腾感和变化能力。
A4: Barbarian | B4: Path of the World Tree | C4: 2024 PHB | D4: 战术前排 | E4: 拉扯、保护、站位控制 | F4: Medium | G4: 比Berserker更像保护型前排。
A5: Barbarian | B5: Path of the Zealot | C5: 2024 PHB | D5: 圣战/不死不休幻想 | E5: 伤害与复归主题 | F5: Medium | G5: 宗教战士感强，和Paladin有不同味道。
A6: Bard | B6: College of Dance | C6: 2024 PHB | D6: 喜欢轻装近战/表现欲 | E6: 移动与近身支援 | F6: Medium | G6: 不是传统后排吟游，适合老手尝鲜。
A7: Bard | B7: College of Glamour | C7: 2024 PHB | D7: 社交控场玩家 | E7: 魅惑与团队位移/保护 | F7: Medium | G7: RP局很亮眼，战斗中也能改写站位。
A8: Bard | B8: College of Lore | C8: 2024 PHB | D8: 技能党/控场党 | E8: 知识、法术选择、削弱敌人 | F8: Medium-High | G8: 万能工具箱，适合想当队伍大脑的人。
A9: Bard | B9: College of Valor | C9: 2024 PHB | D9: 半前排支援 | E9: 武器与团队鼓舞 | F9: Medium | G9: 比Lore更武斗，适合想拿剑上场的吟游。
A10: Cleric | B10: Life Domain | C10: 2024 PHB | D10: 新手治疗/稳定支援 | E10: 治疗与续航 | F10: Low-Medium | G10: 最直观的支援路线，但不要把每回合都浪费在小治疗上。
A11: Cleric | B11: Light Domain | C11: 2024 PHB | D11: 输出牧师 | E11: 光辉/火焰/范围伤害 | F11: Medium | G11: 适合想当神圣炮台的人。
A12: Cleric | B12: Trickery Domain | C12: 2024 PHB | D12: 潜行/欺骗/战术 | E12: 错位、隐匿、干扰 | F12: Medium-High | G12: 很有味道，但需要理解队友怎么吃到你的帮助。
... A49: Wizard | B49: Illusionist | C49: 2024 PHB | D49: 创造性玩家 | E49: 幻术、欺骗、战术想象力 | F49: High | G49: 上限取决于玩家创造力和DM裁定。

Sheet 06_Backgrounds_2024
A1: Background | B1: Source Tier | C1: Ability Options | D1: Origin Feat | E1: Skill Proficiencies | F1: Tool Proficiency | G1: Best Fit | H1: Tags | I1: Human/DM note | J1: Source URL
A2: Acolyte | B2: 2024 PHB | C2: INT / WIS / CHA | D2: Magic Initiate (Cleric) | E2: Insight; Religion | F2: Calligrapher's Supplies | G2: Cleric, Paladin, Druid, Wizard needing healing | H2: holy, support, wisdom, charisma | I2: 适合宗教、神殿、神秘导师出身。 | J2: https://www.dndbeyond.com/posts/1785-the-backgrounds-and-origin-feats-in-the-2024
A3: Artisan | B3: 2024 PHB | C3: STR / DEX / INT | D3: Crafter | E3: Investigation; Persuasion | F3: One kind of Artisan's Tools | G3: Fighter, Rogue, Wizard, Artificer-like concepts | H3: craft, utility, intelligence, dexterity | I3: 不是强度爆炸，但很有生活感，DM很好接剧情。 | J3: https://roll20.net/compendium/dnd5e/Backgrounds%3AArtisan?expansion=32231
A4: Charlatan | B4: 2024 PHB | C4: DEX / CON / CHA | D4: Skilled | E4: Deception; Sleight of Hand | F4: Forgery Kit | G4: Bard, Rogue, Warlock, Sorcerer | H4: social, trick, stealth, charisma | I4: 骗子不一定是坏人，也可以是职业谈判家。 | J4: https://www.dndbeyond.com/posts/1785-the-backgrounds-and-origin-feats-in-the-2024
A5: Criminal | B5: 2024 PHB | C5: DEX / CON / INT | D5: Alert | E5: Sleight of Hand; Stealth | F5: Thieves' Tools | G5: Rogue, Ranger, Fighter, Monk | H5: stealth, initiative, dexterity, scout | I5: 潜入局很香；高压局Alert也很实用。 | J5: https://www.dndbeyond.com/posts/1785-the-backgrounds-and-origin-feats-in-the-2024
A6: Entertainer | B6: 2024 PHB | C6: STR / DEX / CHA | D6: Musician | E6: Acrobatics; Performance | F6: One musical instrument | G6: Bard, Rogue, Monk, Paladin | H6: performance, social, support, charisma | I6: 适合爱演的玩家，也能自然带动队友互动。 | J6: https://www.dndbeyond.com/posts/1785-the-backgrounds-and-origin-feats-in-the-2024
A7: Farmer | B7: 2024 PHB | C7: STR / CON / WIS | D7: Tough | E7: Animal Handling; Nature | F7: Carpenter's Tools | G7: Barbarian, Fighter, Druid, Cleric | H7: durable, nature, wisdom, frontline | I7: 农夫出身非常适合‘普通人变英雄’。 | J7: https://www.dndbeyond.com/posts/1785-the-backgrounds-and-origin-feats-in-the-2024
A8: Guard | B8: 2024 PHB | C8: STR / INT / WIS | D8: Alert | E8: Athletics; Perception | F8: One Gaming Set | G8: Fighter, Paladin, Cleric, Ranger | H8: initiative, perception, frontline, tactical | I8: 守卫不是普通保安，是会看门、看人、看局势的人。 | J8: https://www.dndbeyond.com/posts/1785-the-backgrounds-and-origin-feats-in-the-2024
A9: Guide | B9: 2024 PHB | C9: DEX / CON / WIS | D9: Magic Initiate (Druid) | E9: Stealth; Survival | F9: Cartographer's Tools | G9: Ranger, Druid, Rogue, Monk | H9: exploration, survival, stealth, druidic magic | I9: 野外冒险团非常实用。 | J9: https://www.dndbeyond.com/posts/1785-the-backgrounds-and-origin-feats-in-the-2024
A10: Hermit | B10: 2024 PHB | C10: CON / WIS / CHA | D10: Healer | E10: Medicine; Religion | F10: Herbalism Kit | G10: Cleric, Druid, Monk, Warlock | H10: healing, wisdom, mystery, support | I10: 适合隐居修士、草药师、被启示困扰的人。 | J10: https://www.dndbeyond.com/posts/1785-the-backgrounds-and-origin-feats-in-the-2024
A11: Merchant | B11: 2024 PHB | C11: CON / INT / CHA | D11: Lucky | E11: Animal Handling; Persuasion | F11: Navigator's Tools | G11: Bard, Warlock, Sorcerer, Paladin | H11: social, luck, travel, charisma | I11: 商人背景很适合会说话、会算账、会跑路的角色。 | J11: https://roll20.net/compendium/dnd5e/Backgrounds%3AMerchant?expansion=32231
A12: Noble | B12: 2024 PHB | C12: STR / INT / CHA | D12: Skilled | E12: History; Persuasion | F12: One Gaming Set | G12: Paladin, Bard, Fighter, Sorcerer | H12: social, history, leadership, charisma | I12: 贵族不是一定高贵，也可以是落魄继承人。 | J12: https://www.dndbeyond.com/posts/1785-the-backgrounds-and-origin-feats-in-the-2024
... A17: Wayfarer | B17: 2024 PHB | C17: DEX / WIS / CHA | D17: Lucky | E17: Insight; Stealth | F17: Thieves' Tools | G17: Rogue, Bard, Ranger, Warlock | H17: lucky, stealth, street, social | I17: 流浪儿/街头幸存者，适合从底层爬出来的英雄。 | J17: https://www.dndbeyond.com/posts/1785-the-backgrounds-and-origin-feats-in-the-2024

Sheet 07_Species_2024
A1: Species | B1: Source Tier | C1: Primary Mechanical Flavor | D1: Best Fit | E1: Complexity | F1: Human/DM table note | G1: Tags | H1: Source URL
A2: Aasimar | B2: 2024 PHB | C2: celestial revelation, radiant/necrotic theme, once-per-turn burst flavor | D2: Paladin, Cleric, Warlock, Bard | E2: Low | F2: 神圣血统很适合“被命运选中”的角色。 | G2: holy, support, burst, dramatic | H2: https://www.dndbeyond.com/posts/1783-the-10-species-in-the-2024-players-handbook
A3: Dragonborn | B3: 2024 PHB | C3: breath weapon, draconic resistance, dragon fantasy | D3: Paladin, Fighter, Sorcerer, Barbarian | E3: Low | F3: 不再因为属性被迫走力量，法系龙裔也合理。 | G3: dragon, elemental, frontline, sorcerer | H3: https://www.dndbeyond.com/posts/1783-the-10-species-in-the-2024-players-handbook
A4: Dwarf | B4: 2024 PHB | C4: durability, darkvision, stone/earth fantasy | D4: Fighter, Cleric, Paladin, Wizard | E4: Low | F4: 硬朗、工匠、地下城风味明显。 | G4: durable, craft, dungeon | H4: https://www.dndbeyond.com/posts/1783-the-10-species-in-the-2024-players-handbook
A5: Elf | B5: 2024 PHB | C5: keen senses, fey ancestry, innate magical lineage by elf kind | D5: Ranger, Rogue, Wizard, Druid | E5: Low-Medium | F5: 适合优雅、长寿、隐秘、魔法血统主题。 | G5: stealth, magic, perception, fey | H5: https://www.dndbeyond.com/posts/1783-the-10-species-in-the-2024-players-handbook
A6: Gnome | B6: 2024 PHB | C6: small, clever, magical/technical flavor | D6: Wizard, Rogue, Bard | E6: Low-Medium | F6: 很适合机巧、学者、奇怪发明家。 | G6: small, clever, magic, tinkering | H6: https://www.dndbeyond.com/posts/1783-the-10-species-in-the-2024-players-handbook
A7: Goliath | B7: 2024 PHB | C7: giant ancestry, big-body fantasy, physical presence | D7: Barbarian, Fighter, Paladin, Monk | E7: Low | F7: 前排感强，也能做非传统高大游侠/僧侣。 | G7: giant, frontline, strength, endurance | H7: https://www.dndbeyond.com/posts/1783-the-10-species-in-the-2024-players-handbook
A8: Halfling | B8: 2024 PHB | C8: luck, bravery, small hero energy | D8: Rogue, Bard, Ranger, Warlock | E8: Low | F8: 很适合不靠体型靠运气和聪明活下来的角色。 | G8: lucky, stealth, social, small | H8: https://www.dndbeyond.com/posts/1783-the-10-species-in-the-2024-players-handbook
A9: Human | B9: 2024 PHB | C9: extra Origin Feat, flexibility, Heroic Inspiration flavor | D9: Any class | E9: Low | F9: 万金油。做推荐器时默认安全选项。 | G9: flexible, extra origin feat, generalist | H9: https://www.dndbeyond.com/posts/1783-the-10-species-in-the-2024-players-handbook
A10: Orc | B10: 2024 PHB | C10: adrenaline, darkvision, relentless physical fantasy | D10: Barbarian, Fighter, Ranger, Monk | E10: Low | F10: 不再只等于反派；适合坚韧、野性、幸存者。 | G10: frontline, survival, rush | H10: https://www.dndbeyond.com/posts/1783-the-10-species-in-the-2024-players-handbook
A11: Tiefling | B11: 2024 PHB | C11: fiendish legacy, resistance and spell-like flavor | D11: Warlock, Sorcerer, Bard, Rogue | E11: Low-Medium | F11: 边缘人、异界血统、黑暗魅力都很合适。 | G11: fiend, magic, social, edge | H11: https://www.dndbeyond.com/posts/1783-the-10-species-in-the-2024-players-handbook
A12: Half-Elf | B12: Legacy exception | C12: 2014 species not reprinted in 2024 PHB; usable only by table policy | D12: Bard, Paladin, Warlock | E12: Low | F12: 如果用2024规则，忽略旧物种ASI，用背景提供属性。 | G12: legacy, social, flexible | H12: https://www.dndbeyond.com/posts/1810-updates-in-the-players-handbook-2024
A13: Half-Orc | B13: Legacy exception | C13: 2014 species not reprinted in 2024 PHB; usable only by table policy | D13: Barbarian, Fighter, Paladin | E13: Low | F13: 和Orc不是同一个2024条目；别把旧ASI带进来。 | G13: legacy, frontline, survival | H13: https://www.dndbeyond.com/posts/1810-updates-in-the-players-handbook-2024

Sheet 08_OriginFeats_2024
A1: Origin Feat | B1: Source Tier | C1: Function Group | D1: Best Use | E1: Pairs Well With | F1: Caution | G1: Source URL
A2: Alert | B2: 2024 PHB | C2: Initiative / tactical order | D2: 高压局、控场、刺客、前排开局站位 | E2: Guard, Criminal; Wizard, Rogue, Paladin, Fighter | F2: 新手容易低估先手价值。 | G2: https://www.dndbeyond.com/posts/1785-the-backgrounds-and-origin-feats-in-the-2024
A3: Crafter | B3: 2024 PHB | C3: Tools / economy / downtime | D3: 低资源、制造、真实感强的长期团 | E3: Artisan; Fighter, Rogue, Wizard concepts | F3: 纯战斗短团收益不稳定。 | G3: https://www.dndbeyond.com/posts/1785-the-backgrounds-and-origin-feats-in-the-2024
A4: Healer | B4: 2024 PHB | C4: Recovery / support | D4: 队伍缺治疗或资源紧张 | E4: Hermit; Cleric, Druid, Monk, Rogue support | F4: 不能替代完整治疗体系，但能补足应急。 | G4: https://www.dndbeyond.com/posts/1785-the-backgrounds-and-origin-feats-in-the-2024
A5: Lucky | B5: 2024 PHB | C5: Reliability / clutch rolls | D5: 关键攻击、豁免、技能检定 | E5: Merchant, Wayfarer; any class | F5: 越高压越值钱。 | G5: https://www.dndbeyond.com/posts/1785-the-backgrounds-and-origin-feats-in-the-2024
A6: Magic Initiate (Cleric) | B6: 2024 PHB | C6: Spell utility / divine | D6: 补治疗、祝福、神圣感 | E6: Acolyte; Paladin, Wizard, Bard, Warlock | F6: 要看法术 DC/属性是否吃得到。 | G6: https://www.dndbeyond.com/posts/1785-the-backgrounds-and-origin-feats-in-the-2024
A7: Magic Initiate (Druid) | B7: 2024 PHB | C7: Spell utility / nature | D7: 探索、生存、自然法术 | E7: Guide; Ranger, Rogue, Monk, Druid flavor | F7: 不要只为了一个小法术牺牲主属性。 | G7: https://www.dndbeyond.com/posts/1785-the-backgrounds-and-origin-feats-in-the-2024
A8: Magic Initiate (Wizard) | B8: 2024 PHB | C8: Spell utility / arcane | D8: Find Familiar/Shield-like utility depending table availability | E8: Sage; Wizard, Fighter, Rogue, Cleric | F8: 法术选择要和行动经济配合。 | G8: https://www.dndbeyond.com/posts/1785-the-backgrounds-and-origin-feats-in-the-2024
A9: Musician | B9: 2024 PHB | C9: Team inspiration / rest rhythm | D9: 队伍重视短休/长休后的团体增益 | E9: Entertainer; Bard, Paladin, Rogue | F9: 如果团队几乎不休息，收益会低。 | G9: https://www.dndbeyond.com/posts/1785-the-backgrounds-and-origin-feats-in-the-2024
A10: Savage Attacker | B10: 2024 PHB | C10: Weapon damage | D10: 武器近战/武器输出角色 | E10: Soldier; Fighter, Barbarian, Paladin | F10: 不是所有输出构筑最优，但很直观。 | G10: https://www.dndbeyond.com/posts/1785-the-backgrounds-and-origin-feats-in-the-2024
A11: Skilled | B11: 2024 PHB | C11: Skill/tool coverage | D11: 侦查、社交、知识、补队伍空缺 | E11: Artisan? no; Charlatan, Noble, Scribe; Bard/Rogue/Wizard | F11: 强在覆盖面，不是战斗爆发。 | G11: https://www.dndbeyond.com/posts/1785-the-backgrounds-and-origin-feats-in-the-2024
A12: Tavern Brawler | B12: 2024 PHB | C12: Unarmed / improvised / shove flavor | D12: 徒手、摔投、酒馆斗殴、武僧感 | E12: Sailor; Monk, Fighter, Barbarian | F12: 很有味道，但要确认DM如何处理环境物品。 | G12: https://www.dndbeyond.com/posts/1785-the-backgrounds-and-origin-feats-in-the-2024
A13: Tough | B13: 2024 PHB | C13: Hit point buffer | D13: 新手、高压局、前排、脆皮补生存 | E13: Farmer; Barbarian, Fighter, Cleric, Druid, Wizard | F13: 简单强，不花哨。 | G13: https://www.dndbeyond.com/posts/1785-the-backgrounds-and-origin-feats-in-the-2024

Sheet 09_规则来源兼容
A1: 规则问题 | B1: 推荐处理 | C1: 理由/边界 | D1: 例子 | E1: Source URL
A2: 2024 PHB 与 2014 PHB 同名规则 | B2: 使用2024版本替换2014版本 | C2: 官方说明2024 PHB替换2014 PHB中的rules/classes/subclasses/spells/feats/equipment/species/backgrounds。 | D2: 2014 Fighter → 2024 Fighter；2014 feat若有2024版则用2024版。 | E2: https://www.dndbeyond.com/posts/1810-updates-in-the-players-handbook-2024
A3: 2014 PHB中未被2024 PHB重印的例外 | B3: 可用，但标记Legacy/DM Approval | C3: 官方列出部分例外仍可用。 | D3: Knowledge/Nature/Tempest Domain; Conjuration/Enchantment/Necromancy/Transmutation; Half-Elf; Half-Orc; Dungeon Delver; Linguist; Martial Adept。 | E3: https://www.dndbeyond.com/posts/1810-updates-in-the-players-handbook-2024
A4: Xanathar/Tasha中被2024重印的选项 | B4: 使用2024重印版 | C4: 官方说明若XGtE/TCoE中的subclass/spell/feat出现在2024 PHB，以2024版替换。 | D4: Gloom Stalker, Fey Wanderer, Psi Warrior等以2024文本为准。 | E4: https://www.dndbeyond.com/posts/1810-updates-in-the-players-handbook-2024
A5: 旧物种的Ability Score Increase | B5: 忽略旧物种ASI，使用背景提供属性 | C5: 2024角色创建中属性来自背景；旧物种若带ASI，不再叠加。 | D5: Half-Elf/Half-Orc若被允许，仍不要拿旧ASI。 | E5: https://www.dndbeyond.com/posts/1785-the-backgrounds-and-origin-feats-in-the-2024
A6: 旧背景没有Origin Feat | B6: 按官方兼容指南选择一个Origin Feat | C6: 旧背景可保留叙事，但机械上要补足2024背景结构。 | D6: 旧Sage类背景没有feat时，由DM允许选择Origin Feat。 | E6: https://www.dndbeyond.com/posts/1785-the-backgrounds-and-origin-feats-in-the-2024
A7: 旧书扩展（2014-2023） | B7: 独立标记为Legacy，默认不进入Core推荐 | C7: 旧扩展和2024新扩展不是一类来源；需要DM审核。 | D7: Sword Coast Adventurer's Guide, Xanathar's Guide to Everything, Tasha's Cauldron of Everything, Bigby's等旧体系资料。 | E7: https://www.dndbeyond.com/posts/1810-updates-in-the-players-handbook-2024
A8: 2024新扩展 | B8: 标记为2024 Expansion，可按战役启用 | C8: 与2024规则设计目标更一致，但仍看DM是否允许该设定书。 | D8: Forgotten Realms: Heroes of Faerûn (2025)。 | E8: https://www.dndbeyond.com/sources/dnd/frhof
A9: 费伦书例子 | B9: SCAG 2015 = Legacy；Heroes of Faerûn 2025 = 2024 Expansion | C9: 两者都和Faerûn有关，但规则代际不同。 | D9: 想玩Bladesinger/Banneret时，优先查2024 Heroes of Faerûn，而不是直接套SCAG旧版。 | E9: https://www.dndbeyond.com/sources/dnd/frhof

Sheet 10_Faerun_扩展
A1: 来源 | B1: 年份/规则代际 | C1: 在本工具中的开关 | D1: 玩家选项示例 | E1: 使用建议 | F1: 一句话判断 | G1: Source URL
A2: Sword Coast Adventurer's Guide | B2: 2015 / Legacy 2014-era | C2: Legacy 2014 Allowed with DM Approval | D2: 旧版Faerûn地区设定、部分旧子职/法术/背景风味 | E2: 只作为旧书扩展处理；若2024有新版，优先新版。 | F2: 是旧费伦书，不是2024新扩展。 | G2: https://www.dndbeyond.com/posts/1810-updates-in-the-players-handbook-2024
A3: Forgotten Realms: Heroes of Faerûn | B3: 2025 / 2024 Expansion | C3: 2024 + 2024 Expansions | D3: Character Species; Subclasses; Backgrounds; Feats; Spells; Factions | E3: 若DM允许费伦新书，可作为2024原生扩展进入推荐。 | F3: 是2024体系下的新费伦玩家选项书。 | G3: https://www.dndbeyond.com/sources/dnd/frhof
A4: College of the Moon | B4: 2025 / 2024 Expansion | C4: 2024 + 2024 Expansions | D4: Bard subclass | E4: 适合费伦魔法/月亮主题吟游。 | F4: 新费伦子职，非旧书搬运默认版。 | G4: https://www.dndbeyond.com/sources/dnd/frhof
A5: Knowledge Domain | B5: 2025 / 2024 Expansion | C5: 2024 + 2024 Expansions | D5: Cleric subclass | E5: 若使用FRHOF版本，按2024新书处理；若使用2014 PHB版本则是Legacy exception。 | F5: 同名不同代际，要标清来源。 | G5: https://www.dndbeyond.com/sources/dnd/frhof
A6: Banneret | B6: 2025 / 2024 Expansion | C6: 2024 + 2024 Expansions | D6: Fighter subclass | E6: 优先用FRHOF，而不是SCAG Purple Dragon Knight旧版。 | F6: 费伦旗手的2024路径。 | G6: https://www.dndbeyond.com/sources/dnd/frhof
A7: Oath of the Noble Genies | B7: 2025 / 2024 Expansion | C7: 2024 + 2024 Expansions | D7: Paladin subclass | E7: 适合政治、贵族、契约和费伦势力剧情。 | F7: 新费伦圣武士选项。 | G7: https://www.dndbeyond.com/sources/dnd/frhof
A8: Winter Walker | B8: 2025 / 2024 Expansion | C8: 2024 + 2024 Expansions | D8: Ranger subclass | E8: 北地、冰雪、荒野战役优先。 | F8: 主题依赖战役地点。 | G8: https://www.dndbeyond.com/sources/dnd/frhof
A9: Scion of the Three | B9: 2025 / 2024 Expansion | C9: 2024 + 2024 Expansions | D9: Rogue subclass | E9: 适合阴谋、邪教、黑暗势力相关剧情。 | F9: 需要提前确认题材边界。 | G9: https://www.dndbeyond.com/sources/dnd/frhof
A10: Spellfire Sorcery | B10: 2025 / 2024 Expansion | C10: 2024 + 2024 Expansions | D10: Sorcerer subclass | E10: 强费伦魔网风味，适合主线关联角色。 | F10: 剧情越重越好用。 | G10: https://www.dndbeyond.com/sources/dnd/frhof
A11: Bladesinger | B11: 2025 / 2024 Expansion | C11: 2024 + 2024 Expansions | D11: Wizard subclass | E11: 如果DM允许FRHOF，优先用这一路径；不要直接套SCAG旧版。 | F11: 老名词，新来源要写清楚。 | G11: https://www.dndbeyond.com/sources/dnd/frhof

Sheet 11_问卷与DM访谈
A1: 模块 | B1: 问题 | C1: 用途 | D1: 记录
A2: 玩家偏好 | B2: 你想在一局结束后记住自己哪种高光？砍杀、救人、谈判、潜入、解谜、搞笑、牺牲？ | C2: 找真实目标，而不是只问职业。
A3: 玩家偏好 | B3: 你愿意每回合在多个选项里选，还是喜欢有一个稳定循环？ | C3: 决定复杂度。
A4: 规则边界 | B4: 本团允许哪些来源？2024 Core Only / 2024 Expansion / Legacy with DM approval？ | C4: 避免建完卡后被否。
A5: 规则边界 | B5: 是否允许 Forgotten Realms: Heroes of Faerûn？是否允许旧 Sword Coast Adventurer's Guide？ | C5: 明确费伦新旧书。
A6: 队伍构成 | B6: 队伍目前缺前排、治疗、控场、侦查、社交还是AOE？ | C6: 避免全队五个输出。
A7: 战役节奏 | B7: 短休多还是长休多？战斗多还是社交/探索多？ | C7: 影响Warlock、Bard、Druid等资源体验。
A8: 死亡风险 | B8: DM是否会针对低AC/低豁免？角色死亡是否常见？ | C8: 决定Tough/Alert/Lucky等保命权重。
A9: 叙事钩子 | B9: 角色和世界有什么关系？家庭、组织、信仰、债务、敌人、导师？ | C9: 让角色不是空降数值表。
A10: DM备注 | B10: 这张卡有什么会拖慢游戏或需要提前裁定的地方？ | C10: 比如召唤、亡灵、幻术、潜入、旧书。

Sheet 12_Sources
A1: Source | B1: URL | C1: What it supports in this workbook | D1: Reliability note
A2: D&D Beyond — Player’s Handbook 2024 source page | B2: https://www.dndbeyond.com/sources/dnd/phb-2024 | C2: 2024 PHB contains character creation, classes, origins, feats, equipment, spells. | D2: Official WotC/D&D Beyond source listing.
A3: D&D Beyond — Updates in the Player’s Handbook (2024) | B3: https://www.dndbeyond.com/posts/1810-updates-in-the-players-handbook-2024 | C3: Compatibility with older books; 12 classes x 4 subclasses; new origins; 2024 replacement rules. | D3: Official explanatory article.
A4: D&D Beyond — The Backgrounds and Origin Feats in the 2024 Player's Handbook | B4: https://www.dndbeyond.com/posts/1785-the-backgrounds-and-origin-feats-in-the-2024 | C4: Background mechanics, origin feats, ability score movement to backgrounds, old background compatibility. | D4: Official explanatory article.
A5: D&D Beyond — The 10 Species in the 2024 Player's Handbook | B5: https://www.dndbeyond.com/posts/1783-the-10-species-in-the-2024-players-handbook | C5: Species list and 2024 species design notes. | D5: Official explanatory article.
A6: D&D Beyond — Forgotten Realms: Heroes of Faerûn | B6: https://www.dndbeyond.com/sources/dnd/frhof | C6: 2024 Faerûn expansion source; subclasses/backgrounds/feats/spells/factions table of contents. | D6: Official source page.
A7: Roll20 Compendium — D&D 2024 Backgrounds | B7: https://roll20.net/compendium/dnd5e/Rules%3ABackground%20Descriptions?expansion=32231 | C7: Public check for the 16 2024 PHB backgrounds and some individual background component tables. | D7: Licensed compendium; used as secondary cross-check where official page content is not fully visible.
A8: Roll20 Compendium — Merchant background | B8: https://roll20.net/compendium/dnd5e/Backgrounds%3AMerchant?expansion=32231 | C8: Merchant ability scores, feat, skills and tool. | D8: Secondary source cross-check.
A9: Roll20 Compendium — Artisan background | B9: https://roll20.net/compendium/dnd5e/Backgrounds%3AArtisan?expansion=32231 | C9: Artisan ability scores, feat, skills and tool. | D9: Secondary source cross-check.
A10: Roll20 Compendium — Scribe background | B10: https://roll20.net/compendium/dnd5e/Backgrounds%3AScribe?expansion=32231 | C10: Scribe ability scores, feat, skills and tool. | D10: Secondary source cross-check.

Sheet Lists
A1: Difficulty | B1: Experience | C1: Complexity | D1: Personality | E1: Goal | F1: PartySlot | G1: SourceMode | H1: YesNo | I1: Dislike | J1: Style
A2: D0 | B2: N0 | C2: Low | D2: 冲锋型 | E2: 生存 | F2: Frontline | G2: 2024 Core Only | H2: Yes | I2: None | J2: 圣光
A3: D1 | B3: N1 | C3: Medium | D3: 保护型 | E3: 输出 | F3: Single-target Damage | G3: 2024 + 2024 Expansions | H3: No | I3: No Spell Management | J3: 暗影
A4: D2 | B4: N2 | C4: High | D4: 策略型 | E4: 控场 | F4: AoE Damage | G4: Legacy 2014 Allowed with DM Approval | I4: Avoid Melee | J4: 自然
A5: D3 | B5: N3 | D5: 社交型 | E5: 治疗/辅助 | F5: Control | I5: Avoid Fragile Casters | J5: 贵族
A6: D4 | D6: 探索型 | E6: 社交 | F6: Healing | I6: Avoid Complex Resources | J6: 学者
D7: 叙事型 | E7: 探索 | F7: Exploration/Scout | J7: 街头
D8: 优化型 | E8: 全能 | F8: Social Face | J8: 荒野
D9: 混沌型 | E9: 简单上手 | F9: Utility | J9: 龙血
D10: 支援型 | J10: 普通英雄
J11: 异界契约
J12: 费伦势力

Sheet Sheet1

Sheet Sheet2
